modelo,decil,n,prediccion_media,salario_real_medio,mae,error_medio
regresion_lineal,0.0,1329,986.6613418781266,1304.4680210684726,595.7259793824388,317.8066791903475
regresion_lineal,1.0,1325,1657.1756921642218,1918.4483018867925,805.501749096958,261.272609722568
regresion_lineal,2.0,1311,2171.260155835334,2240.8970251716246,900.9791492394195,69.63686933629182
regresion_lineal,3.0,1337,2682.1578515295723,2597.535527299925,964.3687081883148,-84.62232422964824
regresion_lineal,4.0,1321,3115.1940886006105,3092.1635124905374,981.9847691359182,-23.030576110068775
regresion_lineal,5.0,1318,3460.921530818882,3449.971168437026,955.5330981795785,-10.950362381852296
regresion_lineal,6.0,1331,3792.8547128139344,3889.181818181818,916.4003887655358,96.32710536788183
regresion_lineal,7.0,1325,4229.629577259584,4174.024905660377,1158.7066309663148,-55.604671599206256
regresion_lineal,8.0,1323,5150.900996611511,5086.980347694634,1858.6782675795546,-63.920648916871485
regresion_lineal,9.0,1338,7170.1038273264685,7862.51644245142,3250.4821374285875,692.4126151249546
random_forest,0.0,1329,1026.3922933898634,1077.6087283671934,400.01112084833744,51.21643497732915
random_forest,1.0,1325,1735.9796286559802,1769.7177358490567,639.554440350509,33.738107193078704
random_forest,2.0,1311,2192.844450308505,2225.405034324943,794.5442939868522,32.560584016437055
random_forest,3.0,1337,2595.9512051952643,2612.065818997756,865.9593864903395,16.114613802493775
random_forest,4.0,1321,3043.147689342035,3055.2891748675247,895.8812929076614,12.141485525491055
random_forest,5.0,1319,3415.6420883593596,3465.3805913570886,838.4299451048831,49.73850299772668
random_forest,6.0,1330,3725.695771252189,3813.5496240601506,789.8999207513792,87.85385280796818
random_forest,7.0,1325,4122.344202793227,4234.924528301887,938.5827535858115,112.58032550866407
random_forest,8.0,1323,4918.012469716918,4986.136810279668,1426.6864235972414,68.12434056274849
random_forest,9.0,1338,7772.872825623925,8371.923766816144,3029.0169918399893,599.0509411922227
