tramo,rango,n,salario_real_medio,prediccion_media,mae,error_medio,modelo
0,"<= Q2,000",4032,1297.6803075396826,2126.4105578407493,998.3881384754008,-828.7302503010703,regresión lineal
1,"Q2,000 - Q3,200",2715,2738.186740331492,2899.272181342605,851.6759460785304,-161.08544101111804,regresión lineal
2,"Q3,200 - Q4,066",3188,3769.052070263488,3848.695916559123,830.8179588351319,-79.64384629562915,regresión lineal
3,"Q4,066 - Q6,000",2072,4888.552123552124,4402.371426277108,1177.6461395367746,486.1806972750138,regresión lineal
4,"Q6,000 - Q8,000",608,7224.8141447368425,5590.541340534871,2076.1429278047044,1634.2728042019708,regresión lineal
5,"> Q8,000",643,12552.706065318818,6907.3668649963565,5848.388653995695,5645.339200322464,regresión lineal
0,"<= Q2,000",4032,1297.6803075396826,1997.3810512876591,800.3362060147778,-699.7007437479757,random forest
1,"Q2,000 - Q3,200",2715,2738.186740331492,2871.4010791436763,672.589069140946,-133.21433881217905,random forest
2,"Q3,200 - Q4,066",3188,3769.052070263488,3828.531986771137,738.8017977680481,-59.47991650765265,random forest
3,"Q4,066 - Q6,000",2072,4888.552123552124,4441.303065854219,1151.0075524234885,447.2490576979044,random forest
4,"Q6,000 - Q8,000",608,7224.8141447368425,5814.550039754373,1895.4846962604183,1410.2641049824679,random forest
5,"> Q8,000",643,12552.706065318818,7879.8123129463,4909.254282660301,4672.893752372534,random forest
